<?xml version="1.0" encoding="UTF-8" ?>
<!DOCTYPE struts PUBLIC "-//Apache Software Foundation//DTD Struts Configuration 2.1//EN" "http://struts.apache.org/dtds/struts-2.1.dtd">
<struts>
	<package name="default" namespace="/" extends="struts-default">
	
		<action name="codeCheck" class="codeCheckaction" method="checkCode">
			<result name="success" type="dispatcher">/login.jsp</result>
			<result name="input" type="dispatcher">/login.jsp</result>
		</action>
		
		<action name="login" class="loginaction" method="login">
			<result name="success" type="dispatcher">/login.jsp</result>
			<result name="input" type="dispatcher">/login.jsp</result>
		</action>
	</package>
</struts>
